Magnitude,Real,Imag
8.270558035,8.270557703,0.002343149
